{
  "RSF": [
    0.6973271790691891,
    0.7002782276477689,
    0.7563566521807763,
    0.7096798879714725,
    0.7164997513494457
  ],
  "GradientBoosting": [
    0.7031043869006394,
    0.7057076282652329,
    0.7512286263373398,
    0.717014784168766,
    0.7281135549426069
  ],
  "Cox": [
    0.6953165821913777,
    0.6580648882624396,
    0.7416560247220991,
    0.7031234506110857,
    null
  ],
  "CoxNet": [
    0.6994390216545385,
    0.6737121042214972,
    0.7485875657319181,
    0.7086116885189632,
    0.7159473843027255
  ],
  "ExtraTrees": [
    0.6916890576828134,
    0.6948595198096803,
    0.746774733362566,
    0.6990884119547338,
    0.7137026131768035
  ],
  "ComponentwiseGB": [
    0.7005804200439016,
    0.6846509076991351,
    0.7509806257189947,
    0.7163328971112246,
    0.7177528413675622
  ]
}