{
  "RSF": [
    0.7361641784790681,
    0.7164499007406118,
    0.726349547837296,
    0.7137442047996538,
    0.6901438503979177
  ],
  "GradientBoosting": [
    0.7312387137203907,
    0.7171753767218564,
    0.7385299285584208,
    0.7228460299684395,
    0.7025754556729079
  ],
  "Cox": [
    0.7084019053609102,
    0.7073102364170633,
    0.7220380032093315,
    0.6975922628611625,
    0.6905714247831414
  ],
  "CoxNet": [
    0.7157458936745246,
    0.7145783900226914,
    0.7258312628846505,
    0.7041480016830427,
    0.7008017952528273
  ],
  "ExtraTrees": [
    0.7288272479839377,
    0.707856223884199,
    0.7241867596281292,
    0.7060519443916948,
    0.6840017919280593
  ],
  "ComponentwiseGB": [
    0.7305653819004962,
    0.7128134381848416,
    0.7275761961498601,
    0.7189800060535272,
    0.6965202411216133
  ]
}