{
  "RSF": [
    0.6956602812109443,
    0.6999726009004504,
    0.7550633345636668,
    0.7093631690170221,
    0.7143778911133356
  ],
  "GradientBoosting": [
    0.7055982150464086,
    0.7005404128553219,
    0.7547185743137562,
    0.7166921553388222,
    0.7196738725088215
  ],
  "Cox": [
    0.6988285115048068,
    0.6700759804095927,
    0.7370781359199685,
    0.7080517700178877,
    0.715086501113515
  ],
  "CoxNet": [
    0.7019404867878408,
    0.6737842870028072,
    0.744406975892135,
    0.7105087642198261,
    0.7188079344481292
  ],
  "ExtraTrees": [
    0.6902990893526051,
    0.6923449839766306,
    0.7442225356670958,
    0.6983368986711578,
    0.7159486861214116
  ],
  "ComponentwiseGB": [
    0.7014610356464992,
    0.6863158313662194,
    0.7515255613443877,
    0.7168047065354182,
    0.7183654901653002
  ]
}