{
  "RSF": [
    0.6970453417547091,
    0.7014873381443009,
    0.7585448188708669,
    0.7112033298988979,
    0.7160158509416171
  ],
  "GradientBoosting": [
    0.7030971408074431,
    0.7055973991900001,
    0.7534585721508371,
    0.7177494743839109,
    0.7246350849367528
  ],
  "Cox": [
    0.6955218349982575,
    0.6602493550037825,
    0.7360268817814815,
    0.7013187615351592,
    0.6933919846489902
  ],
  "CoxNet": [
    0.698743848636592,
    0.6756395206642011,
    0.7446102484089611,
    0.7070483827988373,
    0.7102764665043663
  ],
  "ExtraTrees": [
    0.6915255521424336,
    0.6937346247093557,
    0.7462530094257602,
    0.7001088935221222,
    0.7151227310905285
  ],
  "ComponentwiseGB": [
    0.7010204584973622,
    0.6856395320450263,
    0.750784054476957,
    0.7164836673573832,
    0.7177845241440444
  ]
}