{
  "RSF": [
    0.6963503732078854,
    0.7023976988315088,
    0.7568282417359947,
    0.7128150868542841,
    0.7157083543329331
  ],
  "GradientBoosting": [
    0.7041609909882021,
    0.7057256838923732,
    0.7548389529863284,
    0.7188316213077725,
    0.7233499258874874
  ],
  "Cox": [
    0.6970968735901323,
    0.6635001790635912,
    0.741465456723398,
    0.7017944307344199,
    0.7172839355792853
  ],
  "CoxNet": [
    0.700385500907353,
    0.6776850801182029,
    0.748373506415133,
    0.7063759729142229,
    0.7202766608877437
  ],
  "ExtraTrees": [
    0.6923487597582408,
    0.693473597092012,
    0.7468916118999699,
    0.7014575587590105,
    0.7140919950983182
  ],
  "ComponentwiseGB": [
    0.7013472595578998,
    0.6873236192160136,
    0.7495793601220735,
    0.7167151931852361,
    0.7162057073395302
  ]
}