{
  "RSF": [
    0.6985987689823675,
    0.7001432929985002,
    0.7564892322700784,
    0.7119404240449018,
    0.7162437320933303
  ],
  "GradientBoosting": [
    0.7030214960074966,
    0.7057408951722024,
    0.7527341072411317,
    0.7183807694396466,
    0.7283106158361657
  ],
  "Cox": [
    0.6958651034621901,
    0.6575105970030343,
    0.7431225938310502,
    0.7027458911839592,
    0.717475607451916
  ],
  "CoxNet": [
    0.6991470053914717,
    0.6726567953389432,
    0.7497642955716912,
    0.7089828144484271,
    0.7206896443305684
  ],
  "ExtraTrees": [
    0.6908555500651822,
    0.6950783031539691,
    0.7477530736421061,
    0.7009458765970046,
    0.7157599138676736
  ],
  "ComponentwiseGB": [
    0.7005804200439016,
    0.6846509076991351,
    0.7509806257189947,
    0.7163328971112246,
    0.7177528413675622
  ]
}