{
  "RSF": [
    0.6964849377196922,
    0.7014683338051335,
    0.7610366183693725,
    0.709778664865408,
    0.7154551396326728
  ],
  "GradientBoosting": [
    0.7032540416482014,
    0.7047134781610125,
    0.7526563822037737,
    0.7184295986770927,
    0.7250642689156911
  ],
  "Cox": [
    0.697743149538877,
    0.6602275141531638,
    0.7407642958207062,
    0.7025870839445995,
    0.7166570054926176
  ],
  "CoxNet": [
    0.7011305959706425,
    0.6749872967485565,
    0.7473113003046739,
    0.7093396464920805,
    0.7209665128027175
  ],
  "ExtraTrees": [
    0.6907266111171926,
    0.6932300455548029,
    0.7477417716244061,
    0.699206004638776,
    0.7146833648376544
  ],
  "ComponentwiseGB": [
    0.7010204584973622,
    0.6856395320450263,
    0.750784054476957,
    0.7164836673573832,
    0.7177845241440444
  ]
}