{
  "RSF": [
    0.6987583521091754,
    0.7031774038172506,
    0.7563615617263049,
    0.7109050911167059,
    0.718225070984412
  ],
  "GradientBoosting": [
    0.7047540196151463,
    0.7068112405943383,
    0.7520294649002521,
    0.716148466615304,
    0.7244172946463864
  ],
  "Cox": [
    0.7001436879633047,
    0.6624484674060921,
    0.7425827431387739,
    0.7057846632283414,
    0.7172889912360851
  ],
  "CoxNet": [
    0.7046574570528422,
    0.6739610469248429,
    0.7484013483114104,
    0.7091857007555186,
    0.7207973214221746
  ],
  "ExtraTrees": [
    0.6916273851557717,
    0.6958211691537186,
    0.74414945349151,
    0.7002462384887415,
    0.7153338639563965
  ],
  "ComponentwiseGB": [
    0.7033960179447044,
    0.6878710439418702,
    0.7524448680084657,
    0.7155832936967602,
    0.7199315968512391
  ]
}