{
  "RSF": [
    0.7373243860858401,
    0.7163453667140859,
    0.7290385885431121,
    0.7143485799808806,
    0.6890926329878319
  ],
  "GradientBoosting": [
    0.7259312447807353,
    0.7156014006662622,
    0.7352002720851462,
    0.7194085173529449,
    0.6984855271735085
  ],
  "Cox": [
    0.7064492231760999,
    0.7038216000097879,
    0.7220376677146503,
    0.6992591931907715,
    0.6864627250348281
  ],
  "CoxNet": [
    0.7124031948957275,
    0.708524571901992,
    0.726481636682534,
    0.70531227814201,
    0.6971211638714938
  ],
  "ExtraTrees": [
    0.7284356100107593,
    0.7062166729369221,
    0.7233199155408238,
    0.7066785550419628,
    0.6858006631051464
  ],
  "ComponentwiseGB": [
    0.7285413283065155,
    0.7101760871089746,
    0.7291059373709069,
    0.7175093434577403,
    0.6951597205820673
  ]
}