{
  "RSF": [
    0.6980987927997994,
    0.7015742703465725,
    0.7555464725689274,
    0.7085851950636574,
    0.7153804121810942
  ],
  "GradientBoosting": [
    0.7061064032633034,
    0.7038690388954182,
    0.751076254338722,
    0.7183701521939587,
    0.7247845601540334
  ],
  "Cox": [
    0.6998886846549077,
    0.6615085689725393,
    0.7407913849542493,
    0.7060911315495004,
    0.717407088718079
  ],
  "CoxNet": [
    0.7040066076618577,
    0.6731715139218947,
    0.7471221494244987,
    0.7092164692573688,
    0.720793987048852
  ],
  "ExtraTrees": [
    0.6904014005674939,
    0.6967663039479849,
    0.7451577030169916,
    0.7004828296539803,
    0.7144850443487473
  ],
  "ComponentwiseGB": [
    0.7029748770518023,
    0.687397313961133,
    0.7521010040378355,
    0.7153829190796909,
    0.7191182566700337
  ]
}