{
  "Cox": [
    0.6993644663507846,
    0.6612611374726155,
    0.7421591061146792,
    0.7059399710059686,
    0.7176241726265397
  ],
  "RSF": [
    0.697967775994495,
    0.7022564234816495,
    0.7533810223416205,
    0.7099331655295272,
    0.716861846609697
  ],
  "GradientBoosting": [
    0.7044490911604651,
    0.703242864477087,
    0.7510165776642171,
    0.7164408360940125,
    0.7230467004054079
  ],
  "CoxNet": [
    0.7041025835095396,
    0.6732851494960578,
    0.748059564108739,
    0.7090518402579372,
    0.7204749467775777
  ],
  "ExtraTrees": [
    0.6899861471568158,
    0.6949984286561439,
    0.7434288753937048,
    0.7000272033117114,
    0.7140357877408742
  ],
  "ComponentwiseGB": [
    0.702009707882914,
    0.6877865719711471,
    0.7516581164926573,
    0.7153753726227849,
    0.7197315018072562
  ]
}