{
  "RSF": [
    0.6975572393603942,
    0.7004341833014798,
    0.7610302199314208,
    0.7100559494963552,
    0.718350730692162
  ],
  "GradientBoosting": [
    0.7046460142730442,
    0.7075852185655662,
    0.7543833368535955,
    0.7168896526420021,
    0.724298636525042
  ],
  "Cox": [
    0.6986738869685601,
    0.6648626635712088,
    0.748549412252975,
    0.7014880399719237,
    0.7191026297197867
  ],
  "CoxNet": [
    0.701685778443353,
    0.678775549381684,
    0.7500528276618206,
    0.7109898577905099,
    0.7242155214671517
  ],
  "ExtraTrees": [
    0.6913361934657823,
    0.6933823834996165,
    0.7461578763838055,
    0.6995341386440591,
    0.7165091712674729
  ],
  "ComponentwiseGB": [
    0.7010204584973622,
    0.6856395320450263,
    0.750784054476957,
    0.7164836673573832,
    0.7177845241440444
  ]
}