{
  "RSF": [
    0.6964505358073828,
    0.700513084333419,
    0.758872690560658,
    0.7087601621471026,
    0.7179265570112422
  ],
  "GradientBoosting": [
    0.7044468511838867,
    0.7035670636176201,
    0.7526101811999687,
    0.718693603200358,
    0.7241395025675413
  ],
  "Cox": [
    0.6957682258093623,
    0.6627450614438726,
    0.729781790475403,
    0.701155618007502,
    0.6911271565671749
  ],
  "CoxNet": [
    0.6993650115047604,
    0.6761558838246992,
    0.7436019106697697,
    0.7067218192803572,
    0.7101346637176643
  ],
  "ExtraTrees": [
    0.6893414806799701,
    0.693382945939387,
    0.7463780192264609,
    0.7015731270518931,
    0.7134177492996719
  ],
  "ComponentwiseGB": [
    0.7005873669600483,
    0.6854869078963485,
    0.7505941509765924,
    0.7156661611701044,
    0.7172033244333612
  ]
}