{
  "RSF": [
    0.662350625186413,
    0.6724458828674863,
    0.7140788932949835,
    0.6669447451650141,
    0.6739511555377589
  ],
  "GradientBoosting": [
    0.6702722632264271,
    0.664718035326723,
    0.7114415735948809,
    0.6603390388248217,
    0.6655290785754033
  ],
  "Cox": [
    0.6705685711012509,
    0.6505120332150746,
    0.7137503753949478,
    0.6645556544448791,
    0.6519988608012941
  ],
  "CoxNet": [
    0.61688090304505,
    0.6354163335041926,
    0.6533915582435915,
    0.6352709980439305,
    0.6505658224971023
  ],
  "ExtraTrees": [
    0.6687205559154856,
    0.665281100936803,
    0.7200288422938524,
    0.6694103388404389,
    0.6809533861268326
  ],
  "ComponentwiseGB": [
    0.6623156333719662,
    0.6711114751382457,
    0.7139258947644013,
    0.6711354619346223,
    0.6706967881775132
  ]
}