{
  "RSF": [
    0.6948799875219679,
    0.703533266629963,
    0.7535650144748282,
    0.708042570821788,
    0.7143238101909576
  ],
  "GradientBoosting": [
    0.7031785523123605,
    0.7047201003303216,
    0.7513941775722311,
    0.7189512718191424,
    0.7237379685350607
  ],
  "Cox": [
    0.697977016859793,
    0.6604125554781118,
    0.7441014511473764,
    0.7053490726614982,
    0.7163628647357302
  ],
  "CoxNet": [
    0.7008208538245316,
    0.6735174680590623,
    0.7469019273466647,
    0.7091913688241608,
    0.7215576411125862
  ],
  "ExtraTrees": [
    0.6895653264866533,
    0.6939831364822766,
    0.745322992819157,
    0.6985107200193318,
    0.7126240385372257
  ],
  "ComponentwiseGB": [
    0.700493148375637,
    0.6861413868976954,
    0.7509408910915708,
    0.7162203318548199,
    0.7180236860741865
  ]
}