{
  "RSF": [
    0.6962937090993184,
    0.7017595426354187,
    0.7553202510326884,
    0.7088356170774056,
    0.716994172546861
  ],
  "GradientBoosting": [
    0.703138214647762,
    0.7058110134109827,
    0.7519054896547195,
    0.7186410464545163,
    0.7240598256518177
  ],
  "Cox": [
    0.698480890295245,
    0.6629445919333105,
    0.7402688433895112,
    0.7064841085942243,
    0.7184271977483235
  ],
  "CoxNet": [
    0.7017938148289642,
    0.676371464255145,
    0.7457892916953457,
    0.7090420337878945,
    0.7210458765097466
  ],
  "ExtraTrees": [
    0.690061270534271,
    0.6958318901856528,
    0.7476838777955964,
    0.6983158365821527,
    0.7147068301944155
  ],
  "ComponentwiseGB": [
    0.700493148375637,
    0.6861413868976954,
    0.7509408910915708,
    0.7162203318548199,
    0.7180236860741865
  ]
}