{
  "RSF": [
    0.6955246462548881,
    0.7006106961914669,
    0.7583230861436805,
    0.7092230844108889,
    0.7171290093095124
  ],
  "GradientBoosting": [
    0.7030716437999036,
    0.7053906810260872,
    0.7517401090293456,
    0.7183948117204184,
    0.7256468937760026
  ],
  "Cox": [
    0.6957879793761007,
    0.657119081190697,
    0.7432925909423539,
    0.7040035656795308,
    0.7110205171605731
  ],
  "CoxNet": [
    0.6994775065895473,
    0.6737945219331871,
    0.748569547641647,
    0.708841538004651,
    0.7158874860135658
  ],
  "ExtraTrees": [
    0.6911126858987848,
    0.6952408978057295,
    0.7488009303324087,
    0.700590287917702,
    0.7145871816079905
  ],
  "ComponentwiseGB": [
    0.7005804200439016,
    0.6846509076991351,
    0.7509806257189947,
    0.7163328971112246,
    0.7177528413675622
  ]
}