{
  "RSF": [
    0.697648427943767,
    0.7002554119524398,
    0.7572561944296543,
    0.7103586711125436,
    0.7150538103934492
  ],
  "GradientBoosting": [
    0.7021442650372297,
    0.7043749812814366,
    0.7497460993164438,
    0.7182991774319848,
    0.7233904683119647
  ],
  "Cox": [
    0.697204109493228,
    0.6580402275312908,
    0.7421024220685156,
    0.7041924237613055,
    0.7169297259264767
  ],
  "CoxNet": [
    0.7008067775062637,
    0.6736933685468959,
    0.7472579799500106,
    0.7093214874145154,
    0.7216442724579616
  ],
  "ExtraTrees": [
    0.6921050586797038,
    0.6934314829616987,
    0.7465621753391223,
    0.6991576921121537,
    0.7160365618387127
  ],
  "ComponentwiseGB": [
    0.7005954990743735,
    0.6856862918170581,
    0.750646227937762,
    0.7160871668108336,
    0.7173199259389909
  ]
}